-- phpMyAdmin SQL Dump
-- version 5.2.0
-- https://www.phpmyadmin.net/
--
-- Servidor: 127.0.0.1
-- Tiempo de generación: 25-01-2023 a las 05:48:10
-- Versión del servidor: 10.4.25-MariaDB
-- Versión de PHP: 7.4.30

SET SQL_MODE = "NO_AUTO_VALUE_ON_ZERO";
START TRANSACTION;
SET time_zone = "+00:00";


/*!40101 SET @OLD_CHARACTER_SET_CLIENT=@@CHARACTER_SET_CLIENT */;
/*!40101 SET @OLD_CHARACTER_SET_RESULTS=@@CHARACTER_SET_RESULTS */;
/*!40101 SET @OLD_COLLATION_CONNECTION=@@COLLATION_CONNECTION */;
/*!40101 SET NAMES utf8mb4 */;

--
-- Base de datos: `titangym`
--

-- --------------------------------------------------------

--
-- Estructura de tabla para la tabla `admin`
--

CREATE TABLE `admin` (
  `username` varchar(20) NOT NULL,
  `pass_key` varchar(20) NOT NULL,
  `securekey` varchar(20) NOT NULL,
  `Full_name` varchar(50) DEFAULT NULL
) ENGINE=InnoDB DEFAULT CHARSET=latin1 ROW_FORMAT=DYNAMIC;

--
-- Volcado de datos para la tabla `admin`
--

INSERT INTO `admin` (`username`, `pass_key`, `securekey`, `Full_name`) VALUES
('titan', 'titan', '1234abcd..', 'TitanGym');

-- --------------------------------------------------------

--
-- Estructura de tabla para la tabla `bitacora`
--

CREATE TABLE `bitacora` (
  `id` int(10) UNSIGNED ZEROFILL NOT NULL,
  `uid` int(4) UNSIGNED ZEROFILL NOT NULL,
  `datetime` timestamp NOT NULL DEFAULT current_timestamp() ON UPDATE current_timestamp()
) ENGINE=InnoDB DEFAULT CHARSET=utf8mb4;

--
-- Volcado de datos para la tabla `bitacora`
--

INSERT INTO `bitacora` (`id`, `uid`, `datetime`) VALUES
(0000000001, 0026, '2023-01-22 04:15:34'),
(0000000002, 0025, '2023-01-21 08:24:10'),
(0000000003, 0001, '2022-12-31 04:24:31'),
(0000000004, 0025, '2023-01-23 04:25:36'),
(0000000005, 0025, '2023-01-23 04:25:47'),
(0000000006, 0014, '2023-01-23 04:26:24'),
(0000000007, 0014, '2023-01-23 04:26:59'),
(0000000008, 0026, '2023-01-23 04:27:13'),
(0000000009, 0026, '2023-01-23 04:27:26'),
(0000000010, 0023, '2023-01-23 04:28:01'),
(0000000011, 0026, '2023-01-23 04:28:56'),
(0000000012, 0023, '2023-01-23 04:29:42'),
(0000000013, 0014, '2023-01-23 04:33:36'),
(0000000014, 0019, '2023-01-23 04:34:52'),
(0000000015, 0018, '2023-01-23 04:37:26'),
(0000000016, 0016, '2023-01-23 05:23:28'),
(0000000017, 0023, '2023-01-23 07:14:14'),
(0000000018, 0006, '2023-01-23 07:16:50'),
(0000000019, 0007, '2023-01-24 05:45:54'),
(0000000020, 0014, '2023-01-24 07:33:19');

-- --------------------------------------------------------

--
-- Estructura de tabla para la tabla `enrolls_to`
--

CREATE TABLE `enrolls_to` (
  `et_id` int(5) NOT NULL,
  `pid` varchar(8) NOT NULL,
  `paid_date` varchar(15) DEFAULT NULL,
  `expire` varchar(15) DEFAULT NULL,
  `startDate` varchar(15) NOT NULL,
  `uid` int(4) UNSIGNED ZEROFILL DEFAULT NULL,
  `amount` int(10) NOT NULL
) ENGINE=InnoDB DEFAULT CHARSET=latin1 ROW_FORMAT=DYNAMIC;

--
-- Volcado de datos para la tabla `enrolls_to`
--

INSERT INTO `enrolls_to` (`et_id`, `pid`, `paid_date`, `expire`, `startDate`, `uid`, `amount`) VALUES
(1, 'GXQUYF', '2023-01-06', '2023-02-06', '2023-01-06', 0001, 0),
(2, 'KBTODF', '2023-01-06', '2023-01-07', '2023-01-06', 0002, 0),
(3, 'XWNHUS', '2023-01-06', '2023-01-06', '2023-01-06', 0003, 0),
(4, 'ULJWQN', '2023-01-06', '2023-01-13', '2023-01-06', 0004, 0),
(5, 'XWNHUS', '2023-01-06', '2023-01-06', '2023-01-05', 0005, 0),
(6, 'GXQUYF', '2023-01-06', '2023-02-06', '2023-01-06', 0006, 0),
(29, 'ULJWQN', '2023-01-07', '2023-02-13', '2023-02-06', 0006, 0),
(30, 'ULJWQN', '2023-01-07', '2023-02-20', '2023-02-13', 0006, 0),
(31, 'ULJWQN', '2023-01-07', '2023-02-27', '2023-02-20', 0006, 0),
(32, 'ULJWQN', '2023-01-07', '2023-03-06', '2023-02-27', 0006, 0),
(33, 'KBTODF', '2023-01-07', '2023-03-07', '2023-03-06', 0006, 0),
(34, 'XWNHUS', '2023-01-07', '2023-01-07', '2023-01-07', 0007, 0),
(35, 'KBTODF', '2023-01-07', '2023-01-08', '2023-01-07', 0002, 0),
(36, 'KBTODF', '2023-01-07', '2023-01-08', '2023-01-07', 0008, 0),
(37, 'KBTODF', '2023-01-10', '2023-01-11', '2023-01-10', 0009, 0),
(38, 'ULJWQN', '2023-01-10', '2023-01-17', '2023-01-10', 0005, 0),
(39, 'KBTODF', '2023-01-11', '2023-01-12', '2023-01-11', 0007, 0),
(40, 'GXQUYF', '2023-01-11', '2023-02-12', '2023-01-12', 0007, 0),
(41, 'GXQUYF', '2023-01-11', '2023-02-12', '2023-01-12', 0007, 0),
(42, 'KBTODF', '2023-01-11', '2023-02-13', '2023-02-12', 0007, 0),
(43, 'KBTODF', '2023-01-11', '2023-02-14', '2023-02-13', 0007, 0),
(44, 'GXQUYF', '2023-01-11', '2023-03-14', '2023-02-14', 0007, 0),
(45, 'GXQUYF', '2023-01-11', '2023-04-14', '2023-03-14', 0007, 0),
(46, 'KBTODF', '2023-01-11', '2023-04-15', '2023-04-14', 0007, 0),
(47, 'KBTODF', '2023-01-11', '2023-04-16', '2023-04-15', 0007, 0),
(48, 'KBTODF', '2023-01-11', '2023-04-17', '2023-04-16', 0007, 0),
(49, 'KBTODF', '2023-01-11', '2023-04-18', '2023-04-17', 0007, 0),
(50, 'KBTODF', '2023-01-11', '2023-04-19', '2023-04-18', 0007, 0),
(51, 'GXQUYF', '2023-01-11', '2023-02-17', '2023-01-17', 0005, 0),
(52, 'GXQUYF', '2023-01-11', '2023-02-11', '2023-01-11', 0014, 0),
(53, 'KBTODF', '2023-01-11', '2023-01-12', '2023-01-11', 0015, 0),
(54, 'GXQUYF', '2023-01-11', '2023-02-11', '2023-01-11', 0016, 0),
(55, 'KBTODF', '2023-01-11', '2023-01-12', '2023-01-11', 0017, 0),
(56, 'GXQUYF', '2023-01-11', '2023-02-11', '2023-01-11', 0018, 0),
(57, 'GXQUYF', '2023-01-11', '2023-02-11', '2023-01-11', 0019, 0),
(58, 'KBTODF', '2023-01-11', '2023-01-12', '2023-01-11', 0020, 0),
(59, 'KBTODF', '2023-01-11', '2023-01-12', '2023-01-11', 0021, 0),
(60, 'KBTODF', '2023-01-11', '2023-01-12', '2023-01-11', 0022, 0),
(61, 'KBTODF', '2023-01-11', '2023-02-07', '2023-02-06', 0001, 0),
(62, 'GXQUYF', '2023-01-11', '2023-04-08', '2023-03-08', 0006, 0),
(63, 'KBTODF', '2023-01-11', '2023-01-12', '2023-01-13', 0023, 0),
(64, 'GXQUYF', '2023-01-22', '2023-02-22', '2023-01-22', 0023, 650),
(65, 'GXQUYF', '2023-01-22', '2023-02-22', '2023-01-22', 0024, 0),
(66, 'GXQUYF', '2023-01-22', '2023-02-22', '2023-01-22', 0025, 0),
(67, 'GXQUYF', '2023-01-22', '2023-02-22', '2023-01-22', 0026, 650),
(68, 'VJLRNM', '2023-01-22', '2023-05-22', '2023-02-22', 0026, 1800),
(69, 'GXQUYF', '2023-01-23', '2023-02-23', '2023-01-23', 0027, 650);

-- --------------------------------------------------------

--
-- Estructura de tabla para la tabla `plan`
--

CREATE TABLE `plan` (
  `pid` varchar(8) NOT NULL,
  `planName` varchar(20) NOT NULL,
  `description` varchar(200) CHARACTER SET utf8 COLLATE utf8_spanish2_ci NOT NULL,
  `validity` varchar(20) NOT NULL,
  `amount` int(10) NOT NULL,
  `active` varchar(255) DEFAULT NULL,
  `planType` varchar(2) NOT NULL
) ENGINE=InnoDB DEFAULT CHARSET=latin1 ROW_FORMAT=DYNAMIC;

--
-- Volcado de datos para la tabla `plan`
--

INSERT INTO `plan` (`pid`, `planName`, `description`, `validity`, `amount`, `active`, `planType`) VALUES
('GXQUYF', 'Plan Mensual', '1 mes', '1', 650, 'yes', 'm'),
('KBTODF', 'Visita', 'Visita 1 dia', '1', 50, 'yes', 'd'),
('ULJWQN', 'Semanal', '1 Semana', '7', 200, 'yes', 'd'),
('VJLRNM', 'Plan Trimestral', '3 meses de suscripion', '3', 1800, 'no', 'm'),
('XWNHUS', 'Caduca', '', '0', 0, 'yes', 'd');

-- --------------------------------------------------------

--
-- Estructura de tabla para la tabla `system_settings`
--

CREATE TABLE `system_settings` (
  `nombre` varchar(50) NOT NULL,
  `config` varchar(200) NOT NULL
) ENGINE=InnoDB DEFAULT CHARSET=utf8mb4;

--
-- Volcado de datos para la tabla `system_settings`
--

INSERT INTO `system_settings` (`nombre`, `config`) VALUES
('color', 'radial-gradient(circle, rgba(119,108,106,1) 0%, rgba(141,128,125,1) 100%)'),
('backgroundColor', '#b8b8b8'),
('nombreSitio', 'TitaniumGYM'),
('colorFuente', 'black'),
('logo', ''),
('fixedNav', 'true'),
('navbarColor', ''),
('asideColor', '#ffffff'),
('asideTransparency', '47');

-- --------------------------------------------------------

--
-- Estructura de tabla para la tabla `users`
--

CREATE TABLE `users` (
  `userid` int(4) UNSIGNED ZEROFILL NOT NULL,
  `username` varchar(40) NOT NULL,
  `gender` varchar(8) NOT NULL,
  `phone` varchar(15) NOT NULL,
  `dob` varchar(10) NOT NULL,
  `joining_date` varchar(10) NOT NULL
) ENGINE=InnoDB DEFAULT CHARSET=latin1 ROW_FORMAT=DYNAMIC;

--
-- Volcado de datos para la tabla `users`
--

INSERT INTO `users` (`userid`, `username`, `gender`, `phone`, `dob`, `joining_date`) VALUES
(0001, 'Maria Flores Arvizu', 'Mujer', '3111543829', '2023-02-07', '2023-01-06'),
(0002, 'Jose Pedro Ruiz', 'Hombre', '3111543829', '2023-01-08', '2023-01-06'),
(0003, 'Mike', 'Hombre', '3111543829', '2023-02-11', '2023-01-06'),
(0004, 'alma', 'Mujer', '3111543829', '2023-01-13', '2023-01-06'),
(0005, 'Juan Pablo Ruiz Salazar', 'Hombre', '3111543829', '2023-02-17', '2023-01-05'),
(0006, 'Larry Varela', 'Hombre', '3111543829', '2023-04-08', '2023-01-06'),
(0007, 'Misael', 'Hombre', '3111543829', '2023-04-19', '2023-01-07'),
(0008, 'Jesus Gutierrez Aguilar', 'Hombre', '3111543829', '2023-01-08', '2023-01-07'),
(0009, 'Mariela Lopez Murillo', 'Mujer', '3111543829', '2023-01-11', '2023-01-10'),
(0014, 'Prueba', 'Mujer', '', '2023-02-11', '2023-01-11'),
(0015, 'Prueba', 'Hombre', '3111543829', '2023-01-12', '2023-01-11'),
(0016, 'Prueba', 'Hombre', '', '2023-02-11', '2023-01-11'),
(0017, 'Prueba', 'Hombre', '', '2023-01-12', '2023-01-11'),
(0018, 'Prueba', 'Hombre', '3111543829', '2023-02-11', '2023-01-11'),
(0019, 'Prueba', 'Hombre', '', '2023-02-11', '2023-01-11'),
(0020, 'Prueba', 'Hombre', '3111543829', '2023-01-12', '2023-01-11'),
(0021, 'Prueba', 'Hombre', '', '2023-01-12', '2023-01-11'),
(0022, 'Prueba', 'Hombre', '3111543829', '2023-01-12', '2023-01-11'),
(0023, 'Misael G', 'Hombre', '3111543829', '2023-02-22', '2023-01-13'),
(0024, 'Prueba Dos', 'Hombre', '3111543829', '2023-02-22', '2023-01-22'),
(0025, 'aaaaaaaaaaaa', 'Hombre', '1111111111', '2023-02-22', '2023-01-22'),
(0026, 'aaaaaaaaaaaa', 'Hombre', '1111111111', '2023-05-22', '2023-01-22'),
(0027, 'Prueba', 'Hombre', '1111111111', '2023-02-23', '2023-01-23'),
(0028, 'John Smith', 'Male', '1234567890', '2020-08-22', '2020-08-22'),
(0029, 'Emily Watson', 'Female', '2345678901', '2020-10-20', '2020-10-20'),
(0030, 'David John', 'Male', '3456789012', '2020-02-14', '2020-02-14'),
(0031, 'Kimberly Brown', 'Female', '4567890123', '2020-06-30', '2020-06-30'),
(0032, 'Michael Carter', 'Male', '5678901234', '2020-12-15', '2020-12-15'),
(0033, 'Sarah Miller', 'Female', '6789012345', '2020-04-01', '2020-04-01'),
(0034, 'Jason Thomson', 'Male', '7890123456', '2020-09-10', '2020-09-10'),
(0035, 'Samantha Davis', 'Female', '8901234567', '2020-07-20', '2020-07-20'),
(0036, 'Paul Anderson', 'Male', '9012345678', '2020-11-30', '2020-11-30'),
(0037, 'Emily Wilson', 'Female', '123456789', '2020-01-05', '2020-01-05'),
(0038, 'John Smith', 'Male', '1234567890', '2020-08-22', '2020-08-22'),
(0039, 'Emily Watson', 'Female', '2345678901', '2020-10-20', '2020-10-20'),
(0040, 'David John', 'Male', '3456789012', '2020-02-14', '2020-02-14'),
(0041, 'Kimberly Brown', 'Female', '4567890123', '2020-06-30', '2020-06-30'),
(0042, 'Michael Carter', 'Male', '5678901234', '2020-12-15', '2020-12-15'),
(0043, 'Sarah Miller', 'Female', '6789012345', '2020-04-01', '2020-04-01'),
(0044, 'Jason Thomson', 'Male', '7890123456', '2020-09-10', '2020-09-10'),
(0045, 'Samantha Davis', 'Female', '8901234567', '2020-07-20', '2020-07-20'),
(0046, 'Paul Anderson', 'Male', '9012345678', '2020-11-30', '2020-11-30'),
(0047, 'Emily Wilson', 'Female', '123456789', '2020-01-05', '2020-01-05'),
(0048, 'Matthew Young', 'Male', '1234567891', '2020-05-13', '2020-05-13'),
(0049, 'Olivia Moore', 'Female', '2345678902', '2020-08-01', '2020-08-01'),
(0050, 'Andrew Taylor', 'Male', '3456789013', '2020-09-07', '2020-09-07'),
(0051, 'Elizabeth Jackson', 'Female', '4567890124', '2020-11-19', '2020-11-19'),
(0052, 'Ryan Thomas', 'Male', '5678901235', '2020-03-21', '2020-03-21'),
(0053, 'Lauren Williams', 'Female', '6789012346', '2020-02-29', '2020-02-29'),
(0054, 'Daniel Harris', 'Male', '7890123457', '2020-10-30', '2020-10-30'),
(0055, 'Sofia Johnson', 'Female', '8901234568', '2020-12-08', '2020-12-08'),
(0056, 'Andrew Clark', 'Male', '9012345679', '2020-07-04', '2020-07-04'),
(0057, 'Juan Lopez', 'Male', '1234567890', '2020-08-22', '2020-08-22'),
(0058, 'María García', 'Female', '2345678901', '2020-10-20', '2020-10-20'),
(0059, 'José Hernandez', 'Male', '3456789012', '2020-02-14', '2020-02-14'),
(0060, 'Ana Martinez', 'Female', '4567890123', '2020-06-30', '2020-06-30'),
(0061, 'Ricardo Gonzalez', 'Male', '5678901234', '2020-12-15', '2020-12-15'),
(0062, 'Sofía Rodriguez', 'Female', '6789012345', '2020-04-01', '2020-04-01'),
(0063, 'Mario Pérez', 'Male', '7890123456', '2020-09-10', '2020-09-10'),
(0064, 'Lucia Sánchez', 'Female', '8901234567', '2020-07-20', '2020-07-20'),
(0065, 'Jorge Ramirez', 'Male', '9012345678', '2020-11-30', '2020-11-30'),
(0066, 'Ana Lopez', 'Female', '123456789', '2020-01-05', '2020-01-05'),
(0067, 'Alberto Torres', 'Male', '1234567891', '2020-05-13', '2020-05-13'),
(0068, 'Isabel Jiménez', 'Female', '2345678902', '2020-08-01', '2020-08-01'),
(0069, 'Fernando Díaz', 'Male', '3456789013', '2020-09-07', '2020-09-07'),
(0070, 'Sara Vázquez', 'Female', '4567890124', '2020-11-19', '2020-11-19'),
(0071, 'Alejandro Ruiz', 'Male', '5678901235', '2020-03-21', '2020-03-21'),
(0072, 'Valeria Silva', 'Female', '6789012346', '2020-02-29', '2020-02-29'),
(0073, 'Pedro Ortiz', 'Male', '7890123457', '2020-10-30', '2020-10-30'),
(0074, 'Jessica Martínez', 'Female', '8901234568', '2020-12-08', '2020-12-08'),
(0075, 'Javier Muñoz', 'Male', '9012345679', '2020-07-04', '2020-07-04'),
(0076, 'Juan Lopez', 'Male', '1284558796', '2020-04-24', '2020-04-24'),
(0077, 'María García', 'Female', '2345678901', '2020-10-20', '2020-10-20'),
(0078, 'José Hernandez', 'Male', '3456789012', '2020-02-14', '2020-02-14'),
(0079, 'Ana Martinez', 'Female', '4567890123', '2020-06-30', '2020-06-30'),
(0080, 'Ricardo Gonzalez', 'Male', '5678901234', '2020-12-15', '2020-12-15'),
(0081, 'Sofía Rodriguez', 'Female', '6789012345', '2020-04-01', '2020-04-01'),
(0082, 'Mario Pérez', 'Male', '7890123456', '2020-09-10', '2020-09-10'),
(0083, 'Lucia Sánchez', 'Female', '8901234567', '2020-07-20', '2020-07-20'),
(0084, 'Jorge Ramirez', 'Male', '9012345678', '2020-11-30', '2020-11-30'),
(0085, 'Ana Lopez', 'Female', '123456789', '2020-01-05', '2020-01-05'),
(0086, 'Alberto Torres', 'Male', '1234567891', '2020-05-13', '2020-05-13'),
(0087, 'Isabel Jiménez', 'Female', '2345678902', '2020-08-01', '2020-08-01'),
(0088, 'Fernando Díaz', 'Male', '3456789013', '2020-09-07', '2020-09-07'),
(0089, 'Sara Vázquez', 'Female', '4567890124', '2020-11-19', '2020-11-19'),
(0090, 'Alejandro Ruiz', 'Male', '5678901235', '2020-03-21', '2020-03-21'),
(0091, 'Valeria Silva', 'Female', '6789012346', '2020-02-29', '2020-02-29'),
(0092, 'Pedro Ortiz', 'Male', '7890123457', '2020-10-30', '2020-10-30'),
(0093, 'Jessica Martínez', 'Female', '8901234568', '2020-12-08', '2020-12-08'),
(0094, 'Javier Muñoz', 'Male', '9012345679', '2020-07-04', '2020-07-04'),
(0095, 'Rafael Delgado', 'Male', '9456780231', '2020-10-08', '2020-10-08'),
(0096, 'Gabriela Medina', 'Female', '8456789012', '2020-04-15', '2020-04-15'),
(0097, 'José Ramirez', 'Male', '7456789013', '2020-05-21', '2020-05-21'),
(0098, 'Carolina Castro', 'Female', '9456789013', '2020-06-11', '2020-06-11'),
(0099, 'Javier Herrera', 'Male', '8456789014', '2020-11-07', '2020-11-07'),
(0100, 'Vanessa Gutierrez', 'Female', '7456789015', '2020-09-12', '2020-09-12'),
(0101, 'Andrés Moreno', 'Male', '6456789016', '2020-03-14', '2020-03-14'),
(0102, 'María Sanchez', 'Female', '5456789017', '2020-08-20', '2020-08-20'),
(0103, 'Juan Rangel', 'Male', '4456789018', '2020-01-19', '2020-01-19'),
(0104, 'Ana Torres', 'Female', '3456789019', '2020-02-25', '2020-02-25'),
(0105, 'Gustavo Ramirez', 'Male', '2456789010', '2020-07-03', '2020-07-03'),
(0106, 'Andrea Flores', 'Female', '1456789011', '2020-12-10', '2020-12-10'),
(0107, 'Diego Mendoza', 'Male', '456789012', '2020-11-05', '2020-11-05'),
(0108, 'Sandra Lopez', 'Female', '9456789013', '2020-01-08', '2020-01-08'),
(0109, 'Edgar Perez', 'Male', '8456789014', '2020-09-14', '2020-09-14'),
(0110, 'Paula Martinez', 'Female', '7456789015', '2020-12-23', '2020-12-23'),
(0111, 'Pablo Silva', 'Male', '6456789016', '2020-06-06', '2020-06-06'),
(0112, 'Rebeca Jimenez', 'Female', '5456789017', '2020-03-19', '2020-03-19'),
(0113, 'Ricardo Ramirez', 'Male', '4456789018', '2020-08-31', '2020-08-31'),
(0114, 'Michelle Hernández', 'Female', '3456789019', '2020-10-24', '2020-10-24'),
(0115, 'Santiago Pineda', 'Male', '2456789010', '2020-05-30', '2020-05-30'),
(0116, 'Patricia Guerrero', 'Female', '1456789011', '2020-11-18', '2020-11-18'),
(0117, 'Eduardo Moreno', 'Male', '456789012', '2020-04-17', '2020-04-17'),
(0118, 'Diana Alvarez', 'Female', '9456789013', '2020-08-28', '2020-08-28'),
(0119, 'Gustavo López', 'Male', '8456789014', '2020-02-10', '2020-02-10'),
(0120, 'Ana Perez', 'Female', '7456789015', '2020-09-02', '2020-09-02'),
(0121, 'Hector Ramos', 'Male', '6456789016', '2020-07-22', '2020-07-22'),
(0122, 'Laura Martínez', 'Female', '5456789017', '2020-12-25', '2020-12-25'),
(0123, 'Hugo Rivera', 'Male', '4456789018', '2020-01-17', '2020-01-17'),
(0124, 'Andrea Díaz', 'Female', '3456789019', '2020-10-23', '2020-10-23'),
(0125, 'Erick Sánchez', 'Male', '2456789010', '2020-04-08', '2020-04-08'),
(0126, 'Valeria Muñoz', 'Female', '1456789011', '2020-06-29', '2020-06-29'),
(0127, 'Alejandro Ortiz', 'Male', '456789012', '2020-11-15', '2020-11-15'),
(0128, 'Daniela Castillo', 'Female', '9456789013', '2020-08-07', '2020-08-07'),
(0129, 'Carlos Navarro', 'Male', '8456789014', '2020-09-05', '2020-09-05'),
(0130, 'Jessica Rojas', 'Female', '7456789015', '2020-03-29', '2020-03-29'),
(0131, 'Juan González', 'Male', '6456789016', '2020-12-16', '2020-12-16'),
(0132, 'Sara Hernández', 'Female', '5456789017', '2020-02-13', '2020-02-13'),
(0133, 'Fernando Romero', 'Male', '4456789018', '2020-07-17', '2020-07-17'),
(0134, 'María Soto', 'Female', '3456789019', '2020-05-01', '2020-05-01'),
(0135, 'Juan Torres', 'Male', '2456789010', '2020-11-09', '2020-11-09'),
(0136, 'Gloria Vazquez', 'Female', '1456789011', '2020-01-21', '2020-01-21'),
(0137, 'Francisco Ramírez', 'Male', '456789012', '2020-03-13', '2020-03-13'),
(0138, 'Alexa Ruiz', 'Female', '9456789013', '2020-09-27', '2020-09-27'),
(0139, 'Robert Garcia', 'Male', '8456789014', '2020-08-18', '2020-08-18'),
(0140, 'Ana López', 'Female', '7456789015', '2020-12-26', '2020-12-26'),
(0141, 'Raul Gutierrez', 'Male', '6456789016', '2020-10-11', '2020-10-11'),
(0142, 'Alexandra Jimenez', 'Female', '5456789017', '2020-07-22', '2020-07-22'),
(0143, 'Jorge Delgado', 'Male', '4456789018', '2020-06-17', '2020-06-17'),
(0144, 'Estefanía Pérez', 'Female', '3456789019', '2020-02-01', '2020-02-01'),
(0145, 'José Rojas', 'Male', '2456789010', '2020-04-19', '2020-04-19'),
(0146, 'Valentina Martinez', 'Female', '1456789011', '2020-09-22', '2020-09-22'),
(0147, 'Javier Moreno', 'Male', '456789012', '2020-08-12', '2020-08-12'),
(0148, 'Alexandra Rodriguez', 'Female', '9456789013', '2020-11-03', '2020-11-03'),
(0149, 'Sebastián Moreno', 'Male', '8456789014', '2020-12-14', '2020-12-14'),
(0150, 'María Ramírez', 'Female', '7456789015', '2020-07-08', '2020-07-08'),
(0151, 'Pedro Castro', 'Male', '6456789016', '2020-05-20', '2020-05-20'),
(0152, 'Mariana Gonzalez', 'Female', '5456789017', '2020-01-29', '2020-01-29'),
(0153, 'Eduardo Navarro', 'Male', '4456789018', '2020-02-16', '2020-02-16'),
(0154, 'Sofía Diaz', 'Female', '3456789019', '2020-09-10', '2020-09-10'),
(0155, 'Santiago Perez', 'Male', '2456789010', '2020-10-05', '2020-10-05'),
(0156, 'Jazmín López', 'Female', '1456789011', '2020-03-30', '2020-03-30'),
(0157, 'Martin Gutierrez', 'Male', '456789012', '2020-06-15', '2020-06-15'),
(0158, 'Jessica Jimenez', 'Female', '9456789013', '2020-04-02', '2020-04-02'),
(0159, 'Hector Torres', 'Male', '8456789014', '2020-07-25', '2020-07-25'),
(0160, 'Aurora Rodríguez', 'Female', '7456789015', '2020-11-19', '2020-11-19'),
(0161, 'Juan Martinez', 'Male', '6456789016', '2020-08-03', '2020-08-03'),
(0162, 'Veronica Ramirez', 'Female', '5456789017', '2020-12-17', '2020-12-17'),
(0163, 'Hector Morales', 'Male', '4456789018', '2020-01-22', '2020-01-22'),
(0164, 'Valeria Rojas', 'Female', '3456789019', '2020-05-07', '2020-05-07'),
(0165, 'Raúl Muñoz', 'Male', '2456789010', '2020-11-12', '2020-11-12'),
(0166, 'Erika Vázquez', 'Female', '1456789011', '2020-10-17', '2020-10-17'),
(0167, 'José Rangel', 'Male', '456789012', '2020-09-28', '2020-09-28'),
(0168, 'Michelle Flores', 'Female', '9456789013', '2020-06-09', '2020-06-09'),
(0169, 'Luis Navarro', 'Male', '8456789014', '2020-04-27', '2020-04-27'),
(0170, 'Alejandra Delgado', 'Female', '7456789015', '2020-07-15', '2020-07-15'),
(0171, 'Alejandro Sánchez', 'Male', '6456789016', '2020-12-29', '2020-12-29'),
(0172, 'Paulina Ortiz', 'Female', '5456789017', '2020-02-06', '2020-02-06'),
(0173, 'Raul Gomez', 'Male', '4456789018', '2020-11-27', '2020-11-27'),
(0174, 'María Díaz', 'Female', '3456789019', '2020-01-12', '2020-01-12'),
(0175, 'Cristian Medina', 'Male', '2456789010', '2020-08-21', '2020-08-21'),
(0176, 'Alicia Guerrero', 'Female', '1456789011', '2020-03-08', '2020-03-08'),
(0177, 'Juan Jiménez', 'Male', '456789012', '2020-10-13', '2020-10-13'),
(0178, 'Estefania Pineda', 'Female', '9456789013', '2020-04-25', '2020-04-25'),
(0179, 'Alan Herrera', 'Male', '8456789014', '2020-05-18', '2020-05-18'),
(0180, 'Sandra Santos', 'Female', '7456789015', '2020-01-26', '2020-01-26'),
(0181, 'David Ruiz', 'Male', '6456789016', '2020-07-09', '2020-07-09'),
(0182, 'Andrea Castro', 'Female', '5456789017', '2020-08-27', '2020-08-27'),
(0183, 'Victor Mendoza', 'Male', '4456789018', '2020-12-31', '2020-12-31'),
(0184, 'Valeria Reyes', 'Female', '3456789019', '2020-09-20', '2020-09-20'),
(0185, 'Juan Ortega', 'Male', '2456789010', '2020-06-02', '2020-06-02'),
(0186, 'Cristina Rangel', 'Female', '1456789011', '2020-11-01', '2020-11-01'),
(0187, 'Fernando Vázquez', 'Male', '456789012', '2020-02-22', '2020-02-22'),
(0188, 'Liliana López', 'Female', '9456789013', '2020-10-28', '2020-10-28'),
(0189, 'Juan Garcia', 'Male', '8456789014', '2020-05-12', '2020-05-12'),
(0190, 'Ana Jimenez', 'Female', '7456789015', '2020-07-23', '2020-07-23'),
(0191, 'Diego Rojas', 'Male', '6456789016', '2020-01-15', '2020-01-15'),
(0192, 'Monica Ramirez', 'Female', '5456789017', '2020-04-14', '2020-04-14'),
(0193, 'Alejandro Gutierrez', 'Male', '4456789018', '2020-12-21', '2020-12-21'),
(0194, 'Liliana Díaz', 'Female', '3456789019', '2020-08-04', '2020-08-04'),
(0195, 'Cesar Torres', 'Male', '2456789010', '2020-11-26', '2020-11-26'),
(0196, 'Sara Hernández', 'Female', '1456789011', '2020-06-10', '2020-06-10'),
(0197, 'Jorge Muñoz', 'Male', '456789012', '2020-02-28', '2020-02-28'),
(0198, 'Paulina Pérez', 'Female', '9456789013', '2020-09-01', '2020-09-01'),
(0199, 'Ramon Moreno', 'Male', '8456789014', '2020-10-20', '2020-10-20'),
(0200, 'Sara Soto', 'Female', '7456789015', '2020-03-22', '2020-03-22'),
(0201, 'Kevin Navarro', 'Male', '6456789016', '2020-01-09', '2020-01-09'),
(0202, 'Carolina Jimenez', 'Female', '5456789017', '2020-08-14', '2020-08-14'),
(0203, 'Juan Lopez', 'Male', '1284558796', '2020-04-24', '2020-04-24'),
(0204, 'María García', 'Female', '2345678901', '2020-10-20', '2020-10-20'),
(0205, 'José Hernandez', 'Male', '3456789012', '2020-02-14', '2020-02-14'),
(0206, 'Ana Martinez', 'Female', '4567890123', '2020-06-30', '2020-06-30'),
(0207, 'Ricardo Gonzalez', 'Male', '5678901234', '2020-12-15', '2020-12-15'),
(0208, 'Sofía Rodriguez', 'Female', '6789012345', '2020-04-01', '2020-04-01'),
(0209, 'Mario Pérez', 'Male', '7890123456', '2020-09-10', '2020-09-10'),
(0210, 'Lucia Sánchez', 'Female', '8901234567', '2020-07-20', '2020-07-20'),
(0211, 'Jorge Ramirez', 'Male', '9012345678', '2020-11-30', '2020-11-30'),
(0212, 'Ana Lopez', 'Female', '123456789', '2020-01-05', '2020-01-05'),
(0213, 'Alberto Torres', 'Male', '1234567891', '2020-05-13', '2020-05-13'),
(0214, 'Isabel Jiménez', 'Female', '2345678902', '2020-08-01', '2020-08-01'),
(0215, 'Fernando Díaz', 'Male', '3456789013', '2020-09-07', '2020-09-07'),
(0216, 'Sara Vázquez', 'Female', '4567890124', '2020-11-19', '2020-11-19'),
(0217, 'Alejandro Ruiz', 'Male', '5678901235', '2020-03-21', '2020-03-21'),
(0218, 'Valeria Silva', 'Female', '6789012346', '2020-02-29', '2020-02-29'),
(0219, 'Pedro Ortiz', 'Male', '7890123457', '2020-10-30', '2020-10-30'),
(0220, 'Jessica Martínez', 'Female', '8901234568', '2020-12-08', '2020-12-08'),
(0221, 'Javier Muñoz', 'Male', '9012345679', '2020-07-04', '2020-07-04'),
(0222, 'Rafael Delgado', 'Male', '9456780231', '2020-10-08', '2020-10-08'),
(0223, 'Gabriela Medina', 'Female', '8456789012', '2020-04-15', '2020-04-15'),
(0224, 'José Ramirez', 'Male', '7456789013', '2020-05-21', '2020-05-21'),
(0225, 'Carolina Castro', 'Female', '9456789013', '2020-06-11', '2020-06-11'),
(0226, 'Javier Herrera', 'Male', '8456789014', '2020-11-07', '2020-11-07'),
(0227, 'Vanessa Gutierrez', 'Female', '7456789015', '2020-09-12', '2020-09-12'),
(0228, 'Andrés Moreno', 'Male', '6456789016', '2020-03-14', '2020-03-14'),
(0229, 'María Sanchez', 'Female', '5456789017', '2020-08-20', '2020-08-20'),
(0230, 'Juan Rangel', 'Male', '4456789018', '2020-01-19', '2020-01-19'),
(0231, 'Ana Torres', 'Female', '3456789019', '2020-02-25', '2020-02-25'),
(0232, 'Gustavo Ramirez', 'Male', '2456789010', '2020-07-03', '2020-07-03'),
(0233, 'Andrea Flores', 'Female', '1456789011', '2020-12-10', '2020-12-10'),
(0234, 'Diego Mendoza', 'Male', '456789012', '2020-11-05', '2020-11-05'),
(0235, 'Sandra Lopez', 'Female', '9456789013', '2020-01-08', '2020-01-08'),
(0236, 'Edgar Perez', 'Male', '8456789014', '2020-09-14', '2020-09-14'),
(0237, 'Paula Martinez', 'Female', '7456789015', '2020-12-23', '2020-12-23'),
(0238, 'Pablo Silva', 'Male', '6456789016', '2020-06-06', '2020-06-06'),
(0239, 'Rebeca Jimenez', 'Female', '5456789017', '2020-03-19', '2020-03-19'),
(0240, 'Ricardo Ramirez', 'Male', '4456789018', '2020-08-31', '2020-08-31'),
(0241, 'Michelle Hernández', 'Female', '3456789019', '2020-10-24', '2020-10-24'),
(0242, 'Santiago Pineda', 'Male', '2456789010', '2020-05-30', '2020-05-30'),
(0243, 'Patricia Guerrero', 'Female', '1456789011', '2020-11-18', '2020-11-18'),
(0244, 'Eduardo Moreno', 'Male', '456789012', '2020-04-17', '2020-04-17'),
(0245, 'Diana Alvarez', 'Female', '9456789013', '2020-08-28', '2020-08-28'),
(0246, 'Gustavo López', 'Male', '8456789014', '2020-02-10', '2020-02-10'),
(0247, 'Ana Perez', 'Female', '7456789015', '2020-09-02', '2020-09-02'),
(0248, 'Hector Ramos', 'Male', '6456789016', '2020-07-22', '2020-07-22'),
(0249, 'Laura Martínez', 'Female', '5456789017', '2020-12-25', '2020-12-25'),
(0250, 'Hugo Rivera', 'Male', '4456789018', '2020-01-17', '2020-01-17'),
(0251, 'Andrea Díaz', 'Female', '3456789019', '2020-10-23', '2020-10-23'),
(0252, 'Erick Sánchez', 'Male', '2456789010', '2020-04-08', '2020-04-08'),
(0253, 'Valeria Muñoz', 'Female', '1456789011', '2020-06-29', '2020-06-29'),
(0254, 'Alejandro Ortiz', 'Male', '456789012', '2020-11-15', '2020-11-15'),
(0255, 'Daniela Castillo', 'Female', '9456789013', '2020-08-07', '2020-08-07'),
(0256, 'Carlos Navarro', 'Male', '8456789014', '2020-09-05', '2020-09-05'),
(0257, 'Jessica Rojas', 'Female', '7456789015', '2020-03-29', '2020-03-29'),
(0258, 'Juan González', 'Male', '6456789016', '2020-12-16', '2020-12-16'),
(0259, 'Sara Hernández', 'Female', '5456789017', '2020-02-13', '2020-02-13'),
(0260, 'Fernando Romero', 'Male', '4456789018', '2020-07-17', '2020-07-17'),
(0261, 'María Soto', 'Female', '3456789019', '2020-05-01', '2020-05-01'),
(0262, 'Juan Torres', 'Male', '2456789010', '2020-11-09', '2020-11-09'),
(0263, 'Gloria Vazquez', 'Female', '1456789011', '2020-01-21', '2020-01-21'),
(0264, 'Francisco Ramírez', 'Male', '456789012', '2020-03-13', '2020-03-13'),
(0265, 'Alexa Ruiz', 'Female', '9456789013', '2020-09-27', '2020-09-27'),
(0266, 'Robert Garcia', 'Male', '8456789014', '2020-08-18', '2020-08-18'),
(0267, 'Ana López', 'Female', '7456789015', '2020-12-26', '2020-12-26'),
(0268, 'Raul Gutierrez', 'Male', '6456789016', '2020-10-11', '2020-10-11'),
(0269, 'Alexandra Jimenez', 'Female', '5456789017', '2020-07-22', '2020-07-22'),
(0270, 'Jorge Delgado', 'Male', '4456789018', '2020-06-17', '2020-06-17'),
(0271, 'Estefanía Pérez', 'Female', '3456789019', '2020-02-01', '2020-02-01'),
(0272, 'José Rojas', 'Male', '2456789010', '2020-04-19', '2020-04-19'),
(0273, 'Valentina Martinez', 'Female', '1456789011', '2020-09-22', '2020-09-22'),
(0274, 'Javier Moreno', 'Male', '456789012', '2020-08-12', '2020-08-12'),
(0275, 'Alexandra Rodriguez', 'Female', '9456789013', '2020-11-03', '2020-11-03'),
(0276, 'Sebastián Moreno', 'Male', '8456789014', '2020-12-14', '2020-12-14'),
(0277, 'María Ramírez', 'Female', '7456789015', '2020-07-08', '2020-07-08'),
(0278, 'Pedro Castro', 'Male', '6456789016', '2020-05-20', '2020-05-20'),
(0279, 'Mariana Gonzalez', 'Female', '5456789017', '2020-01-29', '2020-01-29'),
(0280, 'Eduardo Navarro', 'Male', '4456789018', '2020-02-16', '2020-02-16'),
(0281, 'Sofía Diaz', 'Female', '3456789019', '2020-09-10', '2020-09-10'),
(0282, 'Santiago Perez', 'Male', '2456789010', '2020-10-05', '2020-10-05'),
(0283, 'Jazmín López', 'Female', '1456789011', '2020-03-30', '2020-03-30'),
(0284, 'Martin Gutierrez', 'Male', '456789012', '2020-06-15', '2020-06-15'),
(0285, 'Jessica Jimenez', 'Female', '9456789013', '2020-04-02', '2020-04-02'),
(0286, 'Hector Torres', 'Male', '8456789014', '2020-07-25', '2020-07-25'),
(0287, 'Aurora Rodríguez', 'Female', '7456789015', '2020-11-19', '2020-11-19'),
(0288, 'Juan Martinez', 'Male', '6456789016', '2020-08-03', '2020-08-03'),
(0289, 'Veronica Ramirez', 'Female', '5456789017', '2020-12-17', '2020-12-17'),
(0290, 'Hector Morales', 'Male', '4456789018', '2020-01-22', '2020-01-22'),
(0291, 'Valeria Rojas', 'Female', '3456789019', '2020-05-07', '2020-05-07'),
(0292, 'Raúl Muñoz', 'Male', '2456789010', '2020-11-12', '2020-11-12'),
(0293, 'Erika Vázquez', 'Female', '1456789011', '2020-10-17', '2020-10-17'),
(0294, 'José Rangel', 'Male', '456789012', '2020-09-28', '2020-09-28'),
(0295, 'Michelle Flores', 'Female', '9456789013', '2020-06-09', '2020-06-09'),
(0296, 'Luis Navarro', 'Male', '8456789014', '2020-04-27', '2020-04-27'),
(0297, 'Alejandra Delgado', 'Female', '7456789015', '2020-07-15', '2020-07-15'),
(0298, 'Alejandro Sánchez', 'Male', '6456789016', '2020-12-29', '2020-12-29'),
(0299, 'Paulina Ortiz', 'Female', '5456789017', '2020-02-06', '2020-02-06'),
(0300, 'Raul Gomez', 'Male', '4456789018', '2020-11-27', '2020-11-27'),
(0301, 'María Díaz', 'Female', '3456789019', '2020-01-12', '2020-01-12'),
(0302, 'Cristian Medina', 'Male', '2456789010', '2020-08-21', '2020-08-21'),
(0303, 'Alicia Guerrero', 'Female', '1456789011', '2020-03-08', '2020-03-08'),
(0304, 'Juan Jiménez', 'Male', '456789012', '2020-10-13', '2020-10-13'),
(0305, 'Estefania Pineda', 'Female', '9456789013', '2020-04-25', '2020-04-25'),
(0306, 'Alan Herrera', 'Male', '8456789014', '2020-05-18', '2020-05-18'),
(0307, 'Sandra Santos', 'Female', '7456789015', '2020-01-26', '2020-01-26'),
(0308, 'David Ruiz', 'Male', '6456789016', '2020-07-09', '2020-07-09'),
(0309, 'Andrea Castro', 'Female', '5456789017', '2020-08-27', '2020-08-27'),
(0310, 'Victor Mendoza', 'Male', '4456789018', '2020-12-31', '2020-12-31'),
(0311, 'Valeria Reyes', 'Female', '3456789019', '2020-09-20', '2020-09-20'),
(0312, 'Juan Ortega', 'Male', '2456789010', '2020-06-02', '2020-06-02'),
(0313, 'Cristina Rangel', 'Female', '1456789011', '2020-11-01', '2020-11-01'),
(0314, 'Fernando Vázquez', 'Male', '456789012', '2020-02-22', '2020-02-22'),
(0315, 'Liliana López', 'Female', '9456789013', '2020-10-28', '2020-10-28'),
(0316, 'Juan Garcia', 'Male', '8456789014', '2020-05-12', '2020-05-12'),
(0317, 'Ana Jimenez', 'Female', '7456789015', '2020-07-23', '2020-07-23'),
(0318, 'Diego Rojas', 'Male', '6456789016', '2020-01-15', '2020-01-15'),
(0319, 'Monica Ramirez', 'Female', '5456789017', '2020-04-14', '2020-04-14'),
(0320, 'Alejandro Gutierrez', 'Male', '4456789018', '2020-12-21', '2020-12-21'),
(0321, 'Liliana Díaz', 'Female', '3456789019', '2020-08-04', '2020-08-04'),
(0322, 'Cesar Torres', 'Male', '2456789010', '2020-11-26', '2020-11-26'),
(0323, 'Sara Hernández', 'Female', '1456789011', '2020-06-10', '2020-06-10'),
(0324, 'Jorge Muñoz', 'Male', '456789012', '2020-02-28', '2020-02-28'),
(0325, 'Paulina Pérez', 'Female', '9456789013', '2020-09-01', '2020-09-01'),
(0326, 'Ramon Moreno', 'Male', '8456789014', '2020-10-20', '2020-10-20'),
(0327, 'Sara Soto', 'Female', '7456789015', '2020-03-22', '2020-03-22'),
(0328, 'Kevin Navarro', 'Male', '6456789016', '2020-01-09', '2020-01-09'),
(0329, 'Carolina Jimenez', 'Female', '5456789017', '2020-08-14', '2020-08-14'),
(0330, 'Juan Lopez', 'Male', '1284558796', '2020-04-24', '2020-04-24'),
(0331, 'María García', 'Female', '2345678901', '2020-10-20', '2020-10-20'),
(0332, 'José Hernandez', 'Male', '3456789012', '2020-02-14', '2020-02-14'),
(0333, 'Ana Martinez', 'Female', '4567890123', '2020-06-30', '2020-06-30'),
(0334, 'Ricardo Gonzalez', 'Male', '5678901234', '2020-12-15', '2020-12-15'),
(0335, 'Sofía Rodriguez', 'Female', '6789012345', '2020-04-01', '2020-04-01'),
(0336, 'Mario Pérez', 'Male', '7890123456', '2020-09-10', '2020-09-10'),
(0337, 'Lucia Sánchez', 'Female', '8901234567', '2020-07-20', '2020-07-20'),
(0338, 'Jorge Ramirez', 'Male', '9012345678', '2020-11-30', '2020-11-30'),
(0339, 'Ana Lopez', 'Female', '123456789', '2020-01-05', '2020-01-05'),
(0340, 'Alberto Torres', 'Male', '1234567891', '2020-05-13', '2020-05-13'),
(0341, 'Isabel Jiménez', 'Female', '2345678902', '2020-08-01', '2020-08-01'),
(0342, 'Fernando Díaz', 'Male', '3456789013', '2020-09-07', '2020-09-07'),
(0343, 'Sara Vázquez', 'Female', '4567890124', '2020-11-19', '2020-11-19'),
(0344, 'Alejandro Ruiz', 'Male', '5678901235', '2020-03-21', '2020-03-21'),
(0345, 'Valeria Silva', 'Female', '6789012346', '2020-02-29', '2020-02-29'),
(0346, 'Pedro Ortiz', 'Male', '7890123457', '2020-10-30', '2020-10-30'),
(0347, 'Jessica Martínez', 'Female', '8901234568', '2020-12-08', '2020-12-08'),
(0348, 'Javier Muñoz', 'Male', '9012345679', '2020-07-04', '2020-07-04'),
(0349, 'Rafael Delgado', 'Male', '9456780231', '2020-10-08', '2020-10-08'),
(0350, 'Gabriela Medina', 'Female', '8456789012', '2020-04-15', '2020-04-15'),
(0351, 'José Ramirez', 'Male', '7456789013', '2020-05-21', '2020-05-21'),
(0352, 'Carolina Castro', 'Female', '9456789013', '2020-06-11', '2020-06-11'),
(0353, 'Javier Herrera', 'Male', '8456789014', '2020-11-07', '2020-11-07'),
(0354, 'Vanessa Gutierrez', 'Female', '7456789015', '2020-09-12', '2020-09-12'),
(0355, 'Andrés Moreno', 'Male', '6456789016', '2020-03-14', '2020-03-14'),
(0356, 'María Sanchez', 'Female', '5456789017', '2020-08-20', '2020-08-20'),
(0357, 'Juan Rangel', 'Male', '4456789018', '2020-01-19', '2020-01-19'),
(0358, 'Ana Torres', 'Female', '3456789019', '2020-02-25', '2020-02-25'),
(0359, 'Gustavo Ramirez', 'Male', '2456789010', '2020-07-03', '2020-07-03'),
(0360, 'Andrea Flores', 'Female', '1456789011', '2020-12-10', '2020-12-10'),
(0361, 'Diego Mendoza', 'Male', '456789012', '2020-11-05', '2020-11-05'),
(0362, 'Sandra Lopez', 'Female', '9456789013', '2020-01-08', '2020-01-08'),
(0363, 'Edgar Perez', 'Male', '8456789014', '2020-09-14', '2020-09-14'),
(0364, 'Paula Martinez', 'Female', '7456789015', '2020-12-23', '2020-12-23'),
(0365, 'Pablo Silva', 'Male', '6456789016', '2020-06-06', '2020-06-06'),
(0366, 'Rebeca Jimenez', 'Female', '5456789017', '2020-03-19', '2020-03-19'),
(0367, 'Ricardo Ramirez', 'Male', '4456789018', '2020-08-31', '2020-08-31'),
(0368, 'Michelle Hernández', 'Female', '3456789019', '2020-10-24', '2020-10-24'),
(0369, 'Santiago Pineda', 'Male', '2456789010', '2020-05-30', '2020-05-30'),
(0370, 'Patricia Guerrero', 'Female', '1456789011', '2020-11-18', '2020-11-18'),
(0371, 'Eduardo Moreno', 'Male', '456789012', '2020-04-17', '2020-04-17'),
(0372, 'Diana Alvarez', 'Female', '9456789013', '2020-08-28', '2020-08-28'),
(0373, 'Gustavo López', 'Male', '8456789014', '2020-02-10', '2020-02-10'),
(0374, 'Ana Perez', 'Female', '7456789015', '2020-09-02', '2020-09-02'),
(0375, 'Hector Ramos', 'Male', '6456789016', '2020-07-22', '2020-07-22'),
(0376, 'Laura Martínez', 'Female', '5456789017', '2020-12-25', '2020-12-25'),
(0377, 'Hugo Rivera', 'Male', '4456789018', '2020-01-17', '2020-01-17'),
(0378, 'Andrea Díaz', 'Female', '3456789019', '2020-10-23', '2020-10-23'),
(0379, 'Erick Sánchez', 'Male', '2456789010', '2020-04-08', '2020-04-08'),
(0380, 'Valeria Muñoz', 'Female', '1456789011', '2020-06-29', '2020-06-29'),
(0381, 'Alejandro Ortiz', 'Male', '456789012', '2020-11-15', '2020-11-15'),
(0382, 'Daniela Castillo', 'Female', '9456789013', '2020-08-07', '2020-08-07'),
(0383, 'Carlos Navarro', 'Male', '8456789014', '2020-09-05', '2020-09-05'),
(0384, 'Jessica Rojas', 'Female', '7456789015', '2020-03-29', '2020-03-29'),
(0385, 'Juan González', 'Male', '6456789016', '2020-12-16', '2020-12-16'),
(0386, 'Sara Hernández', 'Female', '5456789017', '2020-02-13', '2020-02-13'),
(0387, 'Fernando Romero', 'Male', '4456789018', '2020-07-17', '2020-07-17'),
(0388, 'María Soto', 'Female', '3456789019', '2020-05-01', '2020-05-01'),
(0389, 'Juan Torres', 'Male', '2456789010', '2020-11-09', '2020-11-09'),
(0390, 'Gloria Vazquez', 'Female', '1456789011', '2020-01-21', '2020-01-21'),
(0391, 'Francisco Ramírez', 'Male', '456789012', '2020-03-13', '2020-03-13'),
(0392, 'Alexa Ruiz', 'Female', '9456789013', '2020-09-27', '2020-09-27'),
(0393, 'Robert Garcia', 'Male', '8456789014', '2020-08-18', '2020-08-18'),
(0394, 'Ana López', 'Female', '7456789015', '2020-12-26', '2020-12-26'),
(0395, 'Raul Gutierrez', 'Male', '6456789016', '2020-10-11', '2020-10-11'),
(0396, 'Alexandra Jimenez', 'Female', '5456789017', '2020-07-22', '2020-07-22'),
(0397, 'Jorge Delgado', 'Male', '4456789018', '2020-06-17', '2020-06-17'),
(0398, 'Estefanía Pérez', 'Female', '3456789019', '2020-02-01', '2020-02-01'),
(0399, 'José Rojas', 'Male', '2456789010', '2020-04-19', '2020-04-19'),
(0400, 'Valentina Martinez', 'Female', '1456789011', '2020-09-22', '2020-09-22'),
(0401, 'Javier Moreno', 'Male', '456789012', '2020-08-12', '2020-08-12'),
(0402, 'Alexandra Rodriguez', 'Female', '9456789013', '2020-11-03', '2020-11-03'),
(0403, 'Sebastián Moreno', 'Male', '8456789014', '2020-12-14', '2020-12-14'),
(0404, 'María Ramírez', 'Female', '7456789015', '2020-07-08', '2020-07-08'),
(0405, 'Pedro Castro', 'Male', '6456789016', '2020-05-20', '2020-05-20'),
(0406, 'Mariana Gonzalez', 'Female', '5456789017', '2020-01-29', '2020-01-29'),
(0407, 'Eduardo Navarro', 'Male', '4456789018', '2020-02-16', '2020-02-16'),
(0408, 'Sofía Diaz', 'Female', '3456789019', '2020-09-10', '2020-09-10'),
(0409, 'Santiago Perez', 'Male', '2456789010', '2020-10-05', '2020-10-05'),
(0410, 'Jazmín López', 'Female', '1456789011', '2020-03-30', '2020-03-30'),
(0411, 'Martin Gutierrez', 'Male', '456789012', '2020-06-15', '2020-06-15'),
(0412, 'Jessica Jimenez', 'Female', '9456789013', '2020-04-02', '2020-04-02'),
(0413, 'Hector Torres', 'Male', '8456789014', '2020-07-25', '2020-07-25'),
(0414, 'Aurora Rodríguez', 'Female', '7456789015', '2020-11-19', '2020-11-19'),
(0415, 'Juan Martinez', 'Male', '6456789016', '2020-08-03', '2020-08-03'),
(0416, 'Veronica Ramirez', 'Female', '5456789017', '2020-12-17', '2020-12-17'),
(0417, 'Hector Morales', 'Male', '4456789018', '2020-01-22', '2020-01-22'),
(0418, 'Valeria Rojas', 'Female', '3456789019', '2020-05-07', '2020-05-07'),
(0419, 'Raúl Muñoz', 'Male', '2456789010', '2020-11-12', '2020-11-12'),
(0420, 'Erika Vázquez', 'Female', '1456789011', '2020-10-17', '2020-10-17'),
(0421, 'José Rangel', 'Male', '456789012', '2020-09-28', '2020-09-28'),
(0422, 'Michelle Flores', 'Female', '9456789013', '2020-06-09', '2020-06-09'),
(0423, 'Luis Navarro', 'Male', '8456789014', '2020-04-27', '2020-04-27'),
(0424, 'Alejandra Delgado', 'Female', '7456789015', '2020-07-15', '2020-07-15'),
(0425, 'Alejandro Sánchez', 'Male', '6456789016', '2020-12-29', '2020-12-29'),
(0426, 'Paulina Ortiz', 'Female', '5456789017', '2020-02-06', '2020-02-06'),
(0427, 'Raul Gomez', 'Male', '4456789018', '2020-11-27', '2020-11-27'),
(0428, 'María Díaz', 'Female', '3456789019', '2020-01-12', '2020-01-12'),
(0429, 'Cristian Medina', 'Male', '2456789010', '2020-08-21', '2020-08-21'),
(0430, 'Alicia Guerrero', 'Female', '1456789011', '2020-03-08', '2020-03-08'),
(0431, 'Juan Jiménez', 'Male', '456789012', '2020-10-13', '2020-10-13'),
(0432, 'Estefania Pineda', 'Female', '9456789013', '2020-04-25', '2020-04-25'),
(0433, 'Alan Herrera', 'Male', '8456789014', '2020-05-18', '2020-05-18'),
(0434, 'Sandra Santos', 'Female', '7456789015', '2020-01-26', '2020-01-26'),
(0435, 'David Ruiz', 'Male', '6456789016', '2020-07-09', '2020-07-09'),
(0436, 'Andrea Castro', 'Female', '5456789017', '2020-08-27', '2020-08-27'),
(0437, 'Victor Mendoza', 'Male', '4456789018', '2020-12-31', '2020-12-31'),
(0438, 'Valeria Reyes', 'Female', '3456789019', '2020-09-20', '2020-09-20'),
(0439, 'Juan Ortega', 'Male', '2456789010', '2020-06-02', '2020-06-02'),
(0440, 'Cristina Rangel', 'Female', '1456789011', '2020-11-01', '2020-11-01'),
(0441, 'Fernando Vázquez', 'Male', '456789012', '2020-02-22', '2020-02-22'),
(0442, 'Liliana López', 'Female', '9456789013', '2020-10-28', '2020-10-28'),
(0443, 'Juan Garcia', 'Male', '8456789014', '2020-05-12', '2020-05-12'),
(0444, 'Ana Jimenez', 'Female', '7456789015', '2020-07-23', '2020-07-23'),
(0445, 'Diego Rojas', 'Male', '6456789016', '2020-01-15', '2020-01-15'),
(0446, 'Monica Ramirez', 'Female', '5456789017', '2020-04-14', '2020-04-14'),
(0447, 'Alejandro Gutierrez', 'Male', '4456789018', '2020-12-21', '2020-12-21'),
(0448, 'Liliana Díaz', 'Female', '3456789019', '2020-08-04', '2020-08-04'),
(0449, 'Cesar Torres', 'Male', '2456789010', '2020-11-26', '2020-11-26'),
(0450, 'Sara Hernández', 'Female', '1456789011', '2020-06-10', '2020-06-10'),
(0451, 'Jorge Muñoz', 'Male', '456789012', '2020-02-28', '2020-02-28'),
(0452, 'Paulina Pérez', 'Female', '9456789013', '2020-09-01', '2020-09-01'),
(0453, 'Ramon Moreno', 'Male', '8456789014', '2020-10-20', '2020-10-20'),
(0454, 'Sara Soto', 'Female', '7456789015', '2020-03-22', '2020-03-22'),
(0455, 'Kevin Navarro', 'Male', '6456789016', '2020-01-09', '2020-01-09'),
(0456, 'Carolina Jimenez', 'Female', '5456789017', '2020-08-14', '2020-08-14'),
(0457, 'Juan Lopez', 'Male', '1284558796', '2020-04-24', '2020-04-24'),
(0458, 'María García', 'Female', '2345678901', '2020-10-20', '2020-10-20'),
(0459, 'José Hernandez', 'Male', '3456789012', '2020-02-14', '2020-02-14'),
(0460, 'Ana Martinez', 'Female', '4567890123', '2020-06-30', '2020-06-30'),
(0461, 'Ricardo Gonzalez', 'Male', '5678901234', '2020-12-15', '2020-12-15'),
(0462, 'Sofía Rodriguez', 'Female', '6789012345', '2020-04-01', '2020-04-01'),
(0463, 'Mario Pérez', 'Male', '7890123456', '2020-09-10', '2020-09-10'),
(0464, 'Lucia Sánchez', 'Female', '8901234567', '2020-07-20', '2020-07-20'),
(0465, 'Jorge Ramirez', 'Male', '9012345678', '2020-11-30', '2020-11-30'),
(0466, 'Ana Lopez', 'Female', '123456789', '2020-01-05', '2020-01-05'),
(0467, 'Alberto Torres', 'Male', '1234567891', '2020-05-13', '2020-05-13'),
(0468, 'Isabel Jiménez', 'Female', '2345678902', '2020-08-01', '2020-08-01'),
(0469, 'Fernando Díaz', 'Male', '3456789013', '2020-09-07', '2020-09-07'),
(0470, 'Sara Vázquez', 'Female', '4567890124', '2020-11-19', '2020-11-19'),
(0471, 'Alejandro Ruiz', 'Male', '5678901235', '2020-03-21', '2020-03-21'),
(0472, 'Valeria Silva', 'Female', '6789012346', '2020-02-29', '2020-02-29'),
(0473, 'Pedro Ortiz', 'Male', '7890123457', '2020-10-30', '2020-10-30'),
(0474, 'Jessica Martínez', 'Female', '8901234568', '2020-12-08', '2020-12-08'),
(0475, 'Javier Muñoz', 'Male', '9012345679', '2020-07-04', '2020-07-04'),
(0476, 'Rafael Delgado', 'Male', '9456780231', '2020-10-08', '2020-10-08'),
(0477, 'Gabriela Medina', 'Female', '8456789012', '2020-04-15', '2020-04-15'),
(0478, 'José Ramirez', 'Male', '7456789013', '2020-05-21', '2020-05-21'),
(0479, 'Carolina Castro', 'Female', '9456789013', '2020-06-11', '2020-06-11'),
(0480, 'Javier Herrera', 'Male', '8456789014', '2020-11-07', '2020-11-07'),
(0481, 'Vanessa Gutierrez', 'Female', '7456789015', '2020-09-12', '2020-09-12'),
(0482, 'Andrés Moreno', 'Male', '6456789016', '2020-03-14', '2020-03-14'),
(0483, 'María Sanchez', 'Female', '5456789017', '2020-08-20', '2020-08-20'),
(0484, 'Juan Rangel', 'Male', '4456789018', '2020-01-19', '2020-01-19'),
(0485, 'Ana Torres', 'Female', '3456789019', '2020-02-25', '2020-02-25'),
(0486, 'Gustavo Ramirez', 'Male', '2456789010', '2020-07-03', '2020-07-03'),
(0487, 'Andrea Flores', 'Female', '1456789011', '2020-12-10', '2020-12-10'),
(0488, 'Diego Mendoza', 'Male', '456789012', '2020-11-05', '2020-11-05'),
(0489, 'Sandra Lopez', 'Female', '9456789013', '2020-01-08', '2020-01-08'),
(0490, 'Edgar Perez', 'Male', '8456789014', '2020-09-14', '2020-09-14'),
(0491, 'Paula Martinez', 'Female', '7456789015', '2020-12-23', '2020-12-23'),
(0492, 'Pablo Silva', 'Male', '6456789016', '2020-06-06', '2020-06-06'),
(0493, 'Rebeca Jimenez', 'Female', '5456789017', '2020-03-19', '2020-03-19'),
(0494, 'Ricardo Ramirez', 'Male', '4456789018', '2020-08-31', '2020-08-31'),
(0495, 'Michelle Hernández', 'Female', '3456789019', '2020-10-24', '2020-10-24'),
(0496, 'Santiago Pineda', 'Male', '2456789010', '2020-05-30', '2020-05-30'),
(0497, 'Patricia Guerrero', 'Female', '1456789011', '2020-11-18', '2020-11-18'),
(0498, 'Eduardo Moreno', 'Male', '456789012', '2020-04-17', '2020-04-17'),
(0499, 'Diana Alvarez', 'Female', '9456789013', '2020-08-28', '2020-08-28'),
(0500, 'Gustavo López', 'Male', '8456789014', '2020-02-10', '2020-02-10'),
(0501, 'Ana Perez', 'Female', '7456789015', '2020-09-02', '2020-09-02'),
(0502, 'Hector Ramos', 'Male', '6456789016', '2020-07-22', '2020-07-22'),
(0503, 'Laura Martínez', 'Female', '5456789017', '2020-12-25', '2020-12-25'),
(0504, 'Hugo Rivera', 'Male', '4456789018', '2020-01-17', '2020-01-17'),
(0505, 'Andrea Díaz', 'Female', '3456789019', '2020-10-23', '2020-10-23'),
(0506, 'Erick Sánchez', 'Male', '2456789010', '2020-04-08', '2020-04-08'),
(0507, 'Valeria Muñoz', 'Female', '1456789011', '2020-06-29', '2020-06-29'),
(0508, 'Alejandro Ortiz', 'Male', '456789012', '2020-11-15', '2020-11-15'),
(0509, 'Daniela Castillo', 'Female', '9456789013', '2020-08-07', '2020-08-07'),
(0510, 'Carlos Navarro', 'Male', '8456789014', '2020-09-05', '2020-09-05'),
(0511, 'Jessica Rojas', 'Female', '7456789015', '2020-03-29', '2020-03-29'),
(0512, 'Juan González', 'Male', '6456789016', '2020-12-16', '2020-12-16'),
(0513, 'Sara Hernández', 'Female', '5456789017', '2020-02-13', '2020-02-13'),
(0514, 'Fernando Romero', 'Male', '4456789018', '2020-07-17', '2020-07-17'),
(0515, 'María Soto', 'Female', '3456789019', '2020-05-01', '2020-05-01'),
(0516, 'Juan Torres', 'Male', '2456789010', '2020-11-09', '2020-11-09'),
(0517, 'Gloria Vazquez', 'Female', '1456789011', '2020-01-21', '2020-01-21'),
(0518, 'Francisco Ramírez', 'Male', '456789012', '2020-03-13', '2020-03-13'),
(0519, 'Alexa Ruiz', 'Female', '9456789013', '2020-09-27', '2020-09-27'),
(0520, 'Robert Garcia', 'Male', '8456789014', '2020-08-18', '2020-08-18'),
(0521, 'Ana López', 'Female', '7456789015', '2020-12-26', '2020-12-26'),
(0522, 'Raul Gutierrez', 'Male', '6456789016', '2020-10-11', '2020-10-11'),
(0523, 'Alexandra Jimenez', 'Female', '5456789017', '2020-07-22', '2020-07-22'),
(0524, 'Jorge Delgado', 'Male', '4456789018', '2020-06-17', '2020-06-17'),
(0525, 'Estefanía Pérez', 'Female', '3456789019', '2020-02-01', '2020-02-01'),
(0526, 'José Rojas', 'Male', '2456789010', '2020-04-19', '2020-04-19'),
(0527, 'Valentina Martinez', 'Female', '1456789011', '2020-09-22', '2020-09-22'),
(0528, 'Javier Moreno', 'Male', '456789012', '2020-08-12', '2020-08-12'),
(0529, 'Alexandra Rodriguez', 'Female', '9456789013', '2020-11-03', '2020-11-03'),
(0530, 'Sebastián Moreno', 'Male', '8456789014', '2020-12-14', '2020-12-14'),
(0531, 'María Ramírez', 'Female', '7456789015', '2020-07-08', '2020-07-08'),
(0532, 'Pedro Castro', 'Male', '6456789016', '2020-05-20', '2020-05-20'),
(0533, 'Mariana Gonzalez', 'Female', '5456789017', '2020-01-29', '2020-01-29'),
(0534, 'Eduardo Navarro', 'Male', '4456789018', '2020-02-16', '2020-02-16'),
(0535, 'Sofía Diaz', 'Female', '3456789019', '2020-09-10', '2020-09-10'),
(0536, 'Santiago Perez', 'Male', '2456789010', '2020-10-05', '2020-10-05'),
(0537, 'Jazmín López', 'Female', '1456789011', '2020-03-30', '2020-03-30'),
(0538, 'Martin Gutierrez', 'Male', '456789012', '2020-06-15', '2020-06-15'),
(0539, 'Jessica Jimenez', 'Female', '9456789013', '2020-04-02', '2020-04-02'),
(0540, 'Hector Torres', 'Male', '8456789014', '2020-07-25', '2020-07-25'),
(0541, 'Aurora Rodríguez', 'Female', '7456789015', '2020-11-19', '2020-11-19'),
(0542, 'Juan Martinez', 'Male', '6456789016', '2020-08-03', '2020-08-03'),
(0543, 'Veronica Ramirez', 'Female', '5456789017', '2020-12-17', '2020-12-17'),
(0544, 'Hector Morales', 'Male', '4456789018', '2020-01-22', '2020-01-22'),
(0545, 'Valeria Rojas', 'Female', '3456789019', '2020-05-07', '2020-05-07'),
(0546, 'Raúl Muñoz', 'Male', '2456789010', '2020-11-12', '2020-11-12'),
(0547, 'Erika Vázquez', 'Female', '1456789011', '2020-10-17', '2020-10-17'),
(0548, 'José Rangel', 'Male', '456789012', '2020-09-28', '2020-09-28'),
(0549, 'Michelle Flores', 'Female', '9456789013', '2020-06-09', '2020-06-09'),
(0550, 'Luis Navarro', 'Male', '8456789014', '2020-04-27', '2020-04-27'),
(0551, 'Alejandra Delgado', 'Female', '7456789015', '2020-07-15', '2020-07-15'),
(0552, 'Alejandro Sánchez', 'Male', '6456789016', '2020-12-29', '2020-12-29'),
(0553, 'Paulina Ortiz', 'Female', '5456789017', '2020-02-06', '2020-02-06'),
(0554, 'Raul Gomez', 'Male', '4456789018', '2020-11-27', '2020-11-27'),
(0555, 'María Díaz', 'Female', '3456789019', '2020-01-12', '2020-01-12'),
(0556, 'Cristian Medina', 'Male', '2456789010', '2020-08-21', '2020-08-21'),
(0557, 'Alicia Guerrero', 'Female', '1456789011', '2020-03-08', '2020-03-08'),
(0558, 'Juan Jiménez', 'Male', '456789012', '2020-10-13', '2020-10-13'),
(0559, 'Estefania Pineda', 'Female', '9456789013', '2020-04-25', '2020-04-25'),
(0560, 'Alan Herrera', 'Male', '8456789014', '2020-05-18', '2020-05-18'),
(0561, 'Sandra Santos', 'Female', '7456789015', '2020-01-26', '2020-01-26'),
(0562, 'David Ruiz', 'Male', '6456789016', '2020-07-09', '2020-07-09'),
(0563, 'Andrea Castro', 'Female', '5456789017', '2020-08-27', '2020-08-27'),
(0564, 'Victor Mendoza', 'Male', '4456789018', '2020-12-31', '2020-12-31'),
(0565, 'Valeria Reyes', 'Female', '3456789019', '2020-09-20', '2020-09-20'),
(0566, 'Juan Ortega', 'Male', '2456789010', '2020-06-02', '2020-06-02'),
(0567, 'Cristina Rangel', 'Female', '1456789011', '2020-11-01', '2020-11-01'),
(0568, 'Fernando Vázquez', 'Male', '456789012', '2020-02-22', '2020-02-22'),
(0569, 'Liliana López', 'Female', '9456789013', '2020-10-28', '2020-10-28'),
(0570, 'Juan Garcia', 'Male', '8456789014', '2020-05-12', '2020-05-12'),
(0571, 'Ana Jimenez', 'Female', '7456789015', '2020-07-23', '2020-07-23'),
(0572, 'Diego Rojas', 'Male', '6456789016', '2020-01-15', '2020-01-15'),
(0573, 'Monica Ramirez', 'Female', '5456789017', '2020-04-14', '2020-04-14'),
(0574, 'Alejandro Gutierrez', 'Male', '4456789018', '2020-12-21', '2020-12-21'),
(0575, 'Liliana Díaz', 'Female', '3456789019', '2020-08-04', '2020-08-04'),
(0576, 'Cesar Torres', 'Male', '2456789010', '2020-11-26', '2020-11-26'),
(0577, 'Sara Hernández', 'Female', '1456789011', '2020-06-10', '2020-06-10'),
(0578, 'Jorge Muñoz', 'Male', '456789012', '2020-02-28', '2020-02-28'),
(0579, 'Paulina Pérez', 'Female', '9456789013', '2020-09-01', '2020-09-01'),
(0580, 'Ramon Moreno', 'Male', '8456789014', '2020-10-20', '2020-10-20'),
(0581, 'Sara Soto', 'Female', '7456789015', '2020-03-22', '2020-03-22'),
(0582, 'Kevin Navarro', 'Male', '6456789016', '2020-01-09', '2020-01-09'),
(0583, 'Carolina Jimenez', 'Female', '5456789017', '2020-08-14', '2020-08-14'),
(0584, 'Juan Pérez', 'Male', '1234567890', '2021-08-22', '2020-08-22'),
(0585, 'María García', 'Female', '2345678901', '2021-10-20', '2020-10-20'),
(0586, 'José Martínez', 'Male', '3456789012', '2021-02-14', '2020-02-14'),
(0587, 'Ana López', 'Female', '4567890123', '2021-06-30', '2020-06-30'),
(0588, 'Jorge González', 'Male', '5678901234', '2021-12-15', '2020-12-15'),
(0589, 'Diana Ramírez', 'Female', '6789012345', '2021-04-01', '2020-04-01'),
(0590, 'Miguel Sánchez', 'Male', '7890123456', '2021-09-10', '2020-09-10'),
(0591, 'Laura Gómez', 'Female', '8901234567', '2021-07-20', '2020-07-20'),
(0592, 'Alejandro Hernández', 'Male', '9012345678', '2021-11-30', '2020-11-30'),
(0593, 'Sandra Díaz', 'Female', '123456789', '2021-01-05', '2020-01-05'),
(0594, 'Eduardo Jiménez', 'Male', '1234567891', '2021-05-13', '2020-05-13'),
(0595, 'Sara Moreno', 'Female', '2345678902', '2021-08-01', '2020-08-01'),
(0596, 'Carlos Torres', 'Male', '3456789013', '2021-09-07', '2020-09-07'),
(0597, 'Cristina Méndez', 'Female', '4567890124', '2021-11-19', '2020-11-19'),
(0598, 'Roberto Ramírez', 'Male', '5678901235', '2021-03-21', '2020-03-21'),
(0599, 'Isabel Morales', 'Female', '6789012346', '2021-02-29', '2020-02-29'),
(0600, 'Julio Pérez', 'Male', '7890123457', '2021-10-30', '2020-10-30'),
(0601, 'Valeria Flores', 'Female', '8901234568', '2023-12-08', '2020-12-08'),
(0602, 'Diego Guerrero', 'Hombre', '9012345679', '2023-07-04', '2020-07-04');

--
-- Índices para tablas volcadas
--

--
-- Indices de la tabla `admin`
--
ALTER TABLE `admin`
  ADD PRIMARY KEY (`username`) USING BTREE;

--
-- Indices de la tabla `bitacora`
--
ALTER TABLE `bitacora`
  ADD PRIMARY KEY (`id`);

--
-- Indices de la tabla `enrolls_to`
--
ALTER TABLE `enrolls_to`
  ADD PRIMARY KEY (`et_id`) USING BTREE,
  ADD KEY `plan_ID_idx` (`pid`) USING BTREE;

--
-- Indices de la tabla `plan`
--
ALTER TABLE `plan`
  ADD PRIMARY KEY (`pid`) USING BTREE,
  ADD KEY `pid` (`pid`) USING BTREE;

--
-- Indices de la tabla `users`
--
ALTER TABLE `users`
  ADD PRIMARY KEY (`userid`) USING BTREE,
  ADD KEY `userid` (`userid`) USING BTREE;

--
-- AUTO_INCREMENT de las tablas volcadas
--

--
-- AUTO_INCREMENT de la tabla `bitacora`
--
ALTER TABLE `bitacora`
  MODIFY `id` int(10) UNSIGNED ZEROFILL NOT NULL AUTO_INCREMENT, AUTO_INCREMENT=21;

--
-- AUTO_INCREMENT de la tabla `enrolls_to`
--
ALTER TABLE `enrolls_to`
  MODIFY `et_id` int(5) NOT NULL AUTO_INCREMENT, AUTO_INCREMENT=70;

--
-- AUTO_INCREMENT de la tabla `users`
--
ALTER TABLE `users`
  MODIFY `userid` int(4) UNSIGNED ZEROFILL NOT NULL AUTO_INCREMENT, AUTO_INCREMENT=603;

--
-- Restricciones para tablas volcadas
--

--
-- Filtros para la tabla `enrolls_to`
--
ALTER TABLE `enrolls_to`
  ADD CONSTRAINT `plan_ID` FOREIGN KEY (`pid`) REFERENCES `plan` (`pid`) ON DELETE NO ACTION ON UPDATE NO ACTION;
COMMIT;

/*!40101 SET CHARACTER_SET_CLIENT=@OLD_CHARACTER_SET_CLIENT */;
/*!40101 SET CHARACTER_SET_RESULTS=@OLD_CHARACTER_SET_RESULTS */;
/*!40101 SET COLLATION_CONNECTION=@OLD_COLLATION_CONNECTION */;
